town,flat_type,block,street_name,storey_range,floor_area_sqm,flat_model,lease_commence_date,remaining_lease,resale_price
WOODLANDS,5 ROOM,9,MARSILING DR,16 TO 18,120,Standard,1976,57 years 10 months,355000
PASIR RIS,EXECUTIVE,101,PASIR RIS ST 12,01 TO 03,149,Maisonette,1988,68 years 08 months,580000
BUKIT BATOK,3 ROOM,135,BT BATOK WEST AVE 6,10 TO 12,68,New Generation,1984,64 years 06 months,262000
WOODLANDS,5 ROOM,553,WOODLANDS DR 44,10 TO 12,120,Improved,2000,80 years 05 months,438000
YISHUN,2 ROOM,459,YISHUN AVE 11,04 TO 06,48,Model A,2013,95 years,240000
SERANGOON,4 ROOM,118,SERANGOON NTH AVE 1,13 TO 15,91,New Generation,1986,67 years 10 months,395000
PUNGGOL,4 ROOM,269A,PUNGGOL FIELD,04 TO 06,97,Premium Apartment,2013,93 years 05 months,460000
JURONG WEST,4 ROOM,925,JURONG WEST ST 92,04 TO 06,107,Model A,1988,67 years,388800
JURONG WEST,4 ROOM,634,JURONG WEST ST 65,07 TO 09,91,Model A,2001,81 years 06 months,368000
SEMBAWANG,EXECUTIVE,468A,ADMIRALTY DR,13 TO 15,137,Premium Apartment,2001,81 years 04 months,440000
CHOA CHU KANG,4 ROOM,237,CHOA CHU KANG CTRL,04 TO 06,110,Model A,1990,72 years 08 months,345000
SENGKANG,3 ROOM,329A,ANCHORVALE ST,16 TO 18,67,Model A,2015,95 years,350000
SEMBAWANG,5 ROOM,507B,WELLINGTON CIRCLE,04 TO 06,111,Improved,2001,83 years 03 months,370000
PUNGGOL,5 ROOM,676C,PUNGGOL DR,16 TO 18,113,Premium Apartment,2016,94 years 09 months,665000
JURONG WEST,3 ROOM,536,JURONG WEST ST 52,10 TO 12,67,New Generation,1983,61 years 05 months,310000
PASIR RIS,5 ROOM,628,PASIR RIS DR 3,01 TO 03,121,Improved,1995,75 years 11 months,430000
TAMPINES,5 ROOM,289,TAMPINES ST 22,10 TO 12,126,Improved,1985,63 years 08 months,488000
BUKIT MERAH,5 ROOM,117,BT MERAH CTRL,04 TO 06,121,Improved,1977,57 years 03 months,570000
CLEMENTI,5 ROOM,613,CLEMENTI WEST ST 1,07 TO 09,133,Model A,1984,64 years 04 months,620000
WOODLANDS,5 ROOM,35,MARSILING DR,01 TO 03,115,Standard,1977,59 years 08 months,355000
PUNGGOL,4 ROOM,612A,PUNGGOL DR,10 TO 12,93,Model A,2012,94 years 02 months,429000
BISHAN,5 ROOM,145,BISHAN ST 11,04 TO 06,122,Improved,1987,68 years,632000
CHOA CHU KANG,5 ROOM,672A,CHOA CHU KANG CRES,10 TO 12,123,Premium Apartment,2000,78 years 03 months,420000
TAMPINES,EXECUTIVE,314,TAMPINES ST 33,01 TO 03,145,Apartment,1993,71 years 11 months,615000
SENGKANG,4 ROOM,188B,RIVERVALE DR,16 TO 18,96,Model A,2000,82 years,352000
KALLANG/WHAMPOA,3 ROOM,6,ST. GEORGE'S LANE,01 TO 03,68,New Generation,1981,62 years,300000
SERANGOON,3 ROOM,207,SERANGOON CTRL,04 TO 06,64,Simplified,1986,65 years 01 month,360000
BUKIT MERAH,3 ROOM,101,BT PURMEI RD,07 TO 09,69,New Generation,1983,65 years 02 months,335000
JURONG WEST,4 ROOM,181A,BOON LAY DR,04 TO 06,93,Model A,2014,93 years 05 months,416000
TAMPINES,5 ROOM,491D,TAMPINES ST 45,01 TO 03,124,Improved,1993,74 years 02 months,435000
PUNGGOL,4 ROOM,272A,PUNGGOL WALK,16 TO 18,93,Premium Apartment,2014,92 years 05 months,560000
KALLANG/WHAMPOA,5 ROOM,39,CAMBRIDGE RD,13 TO 15,120,Improved,1997,75 years 08 months,720000
PUNGGOL,4 ROOM,289A,PUNGGOL PL,07 TO 09,95,Premium Apartment,2013,94 years 04 months,500000
CHOA CHU KANG,4 ROOM,476C,CHOA CHU KANG AVE 5,13 TO 15,92,Model A,2013,95 years 04 months,410000
JURONG WEST,4 ROOM,489,JURONG WEST AVE 1,01 TO 03,103,Model A,1984,64 years 06 months,315000
TAMPINES,EXECUTIVE,498H,TAMPINES ST 45,10 TO 12,143,Premium Apartment,1997,76 years 01 month,628000
TAMPINES,4 ROOM,809,TAMPINES AVE 4,01 TO 03,104,Model A,1984,63 years,390000
GEYLANG,4 ROOM,55,PIPIT RD,16 TO 18,101,Model A,1997,75 years 10 months,610000
ANG MO KIO,4 ROOM,546,ANG MO KIO AVE 10,10 TO 12,92,New Generation,1981,61 years,380000
JURONG WEST,2 ROOM,990B,JURONG WEST ST 93,10 TO 12,52,Premium Apartment,2008,87 years 09 months,230000
WOODLANDS,4 ROOM,8,MARSILING DR,01 TO 03,88,Improved,1976,55 years 05 months,230000
BEDOK,5 ROOM,25,CHAI CHEE RD,07 TO 09,122,Improved,1993,74 years 04 months,630000
JURONG WEST,5 ROOM,523,JURONG WEST ST 52,13 TO 15,118,Improved,1982,62 years 06 months,473000
BUKIT PANJANG,4 ROOM,633C,SENJA RD,01 TO 03,93,Model A,2013,94 years 03 months,393000
BEDOK,3 ROOM,709,BEDOK RESERVOIR RD,04 TO 06,68,New Generation,1981,62 years 03 months,295000
SENGKANG,5 ROOM,293D,COMPASSVALE CRES,10 TO 12,113,Improved,2016,95 years,640000
CLEMENTI,4 ROOM,311B,CLEMENTI AVE 4,07 TO 09,80,DBSS,2014,93 years 09 months,717000
SERANGOON,5 ROOM,523,SERANGOON NTH AVE 4,04 TO 06,122,Improved,1992,73 years 07 months,485000
GEYLANG,4 ROOM,2C,GEYLANG SERAI,19 TO 21,95,Model A,2011,89 years 08 months,735000
TOA PAYOH,5 ROOM,138C,LOR 1A TOA PAYOH,25 TO 27,117,DBSS,2012,90 years 03 months,980000
QUEENSTOWN,2 ROOM,108,C'WEALTH CRES,01 TO 03,47,Standard,1969,46 years 10 months,220000
CHOA CHU KANG,5 ROOM,344,CHOA CHU KANG LOOP,01 TO 03,133,Model A,1993,72 years 03 months,470000
CHOA CHU KANG,EXECUTIVE,601,CHOA CHU KANG ST 62,04 TO 06,146,Maisonette,1996,77 years 09 months,530000
SENGKANG,4 ROOM,324A,SENGKANG EAST WAY,10 TO 12,87,Model A2,2003,83 years 09 months,410000
ANG MO KIO,5 ROOM,104B,ANG MO KIO ST 11,01 TO 03,127,Improved,1996,78 years 02 months,610000
CHOA CHU KANG,4 ROOM,17,TECK WHYE LANE,04 TO 06,93,New Generation,1981,62 years 07 months,295000
TOA PAYOH,5 ROOM,81,LOR 4 TOA PAYOH,22 TO 24,122,Improved,1997,79 years 02 months,900000
GEYLANG,EXECUTIVE,132,GEYLANG EAST AVE 1,16 TO 18,146,Maisonette,1987,68 years 10 months,838000
HOUGANG,4 ROOM,924,HOUGANG AVE 9,04 TO 06,100,Model A,1998,78 years 11 months,380000
ANG MO KIO,3 ROOM,154,ANG MO KIO AVE 5,07 TO 09,68,New Generation,1981,59 years 01 month,309000
BEDOK,3 ROOM,100,BEDOK NTH AVE 4,07 TO 09,67,New Generation,1978,60 years 04 months,280000
BUKIT PANJANG,EXECUTIVE,254,BANGKIT RD,10 TO 12,146,Maisonette,1988,67 years 06 months,615000
BUKIT PANJANG,5 ROOM,447,BT PANJANG RING RD,04 TO 06,120,Improved,1997,75 years 07 months,450000
MARINE PARADE,3 ROOM,4,MARINE TER,07 TO 09,65,Improved,1975,55 years 11 months,375000
BUKIT PANJANG,4 ROOM,125,PENDING RD,01 TO 03,103,Model A,1987,65 years 09 months,430000
YISHUN,5 ROOM,426A,YISHUN AVE 11,07 TO 09,112,Improved,2015,94 years 04 months,501000
YISHUN,3 ROOM,208,YISHUN ST 21,07 TO 09,67,New Generation,1985,67 years 05 months,293000
BUKIT BATOK,3 ROOM,372,BT BATOK ST 31,04 TO 06,64,Simplified,1988,67 years 11 months,265000
QUEENSTOWN,4 ROOM,23,DOVER CRES,01 TO 03,88,Improved,1976,56 years 02 months,403000
PUNGGOL,3 ROOM,313A,SUMANG LINK,01 TO 03,68,Model A,2015,94 years 03 months,350000
SENGKANG,4 ROOM,445A,FERNVALE RD,10 TO 12,94,Model A,2012,93 years 07 months,420000
BUKIT MERAH,4 ROOM,70A,TELOK BLANGAH HTS,19 TO 21,93,Model A,2017,95 years 05 months,820000
TAMPINES,5 ROOM,387,TAMPINES ST 32,01 TO 03,127,Improved,1993,72 years 06 months,515000
PUNGGOL,4 ROOM,167A,PUNGGOL EAST,01 TO 03,92,Premium Apartment,2009,89 years 06 months,360000
PASIR RIS,4 ROOM,551,PASIR RIS ST 51,04 TO 06,104,Model A,1992,73 years,410000
TOA PAYOH,5 ROOM,44,LOR 5 TOA PAYOH,07 TO 09,123,Improved,1993,74 years 05 months,668000
BEDOK,4 ROOM,808A,CHAI CHEE RD,10 TO 12,93,Model A,2016,94 years 07 months,623000
YISHUN,5 ROOM,348B,YISHUN AVE 11,04 TO 06,112,DBSS,2013,91 years 07 months,700000
PUNGGOL,4 ROOM,632B,PUNGGOL DR,04 TO 06,92,Premium Apartment,2007,88 years 07 months,388000
JURONG WEST,4 ROOM,360,YUNG AN RD,04 TO 06,109,Model A,1995,74 years 04 months,367000
KALLANG/WHAMPOA,3 ROOM,12,UPP BOON KENG RD,10 TO 12,66,Improved,1980,61 years 04 months,364888
SENGKANG,4 ROOM,164C,RIVERVALE CRES,04 TO 06,93,Model A,2017,95 years 07 months,425000
ANG MO KIO,4 ROOM,308A,ANG MO KIO AVE 1,10 TO 12,94,Model A,2012,91 years 02 months,682888
TAMPINES,5 ROOM,518D,TAMPINES CTRL 7,07 TO 09,109,DBSS,2008,89 years 02 months,770000
WOODLANDS,4 ROOM,873,WOODLANDS ST 81,10 TO 12,111,Model A,1996,75 years 04 months,355000
TOA PAYOH,5 ROOM,122,LOR 2 TOA PAYOH,13 TO 15,124,Improved,1999,80 years 03 months,868000
JURONG WEST,5 ROOM,196B,BOON LAY DR,16 TO 18,113,Improved,2015,94 years 02 months,580000
SENGKANG,5 ROOM,183B,RIVERVALE CRES,04 TO 06,110,Improved,2003,81 years 10 months,400000
SENGKANG,2 ROOM,302B,ANCHORVALE LINK,13 TO 15,44,Model A,2007,86 years 06 months,238000
WOODLANDS,4 ROOM,705,WOODLANDS DR 40,04 TO 06,102,Model A,1996,77 years 05 months,319500
SENGKANG,4 ROOM,209B,COMPASSVALE LANE,10 TO 12,92,Model A,2011,92 years 08 months,400000
BUKIT BATOK,4 ROOM,345,BT BATOK ST 34,04 TO 06,103,Model A,1987,67 years 07 months,330000
JURONG EAST,4 ROOM,52,TEBAN GDNS RD,01 TO 03,88,Simplified,1987,67 years 05 months,290000
PUNGGOL,5 ROOM,308C,PUNGGOL WALK,04 TO 06,112,Premium Apartment,2016,94 years 04 months,708000
CLEMENTI,3 ROOM,449,CLEMENTI AVE 3,01 TO 03,83,New Generation,1980,58 years 08 months,435000
BEDOK,4 ROOM,163,BEDOK STH RD,10 TO 12,83,Simplified,1985,63 years 07 months,376000
TAMPINES,3 ROOM,408,TAMPINES ST 41,07 TO 09,60,Improved,1985,66 years 06 months,290000
JURONG WEST,5 ROOM,677B,JURONG WEST ST 64,04 TO 06,110,Premium Apartment,2008,88 years 11 months,390000
MARINE PARADE,3 ROOM,65,MARINE DR,13 TO 15,76,Improved,1976,56 years 09 months,478000
BUKIT PANJANG,4 ROOM,185,JELEBU RD,01 TO 03,91,Premium Apartment,2003,85 years,490000
BEDOK,5 ROOM,11,CHAI CHEE RD,13 TO 15,120,Improved,2001,79 years 01 month,671888
TAMPINES,4 ROOM,523C,TAMPINES CTRL 7,01 TO 03,93,Model A,2015,94 years,510000
WOODLANDS,5 ROOM,367,WOODLANDS AVE 5,10 TO 12,124,Improved,1996,75 years 08 months,530000
QUEENSTOWN,EXECUTIVE,148,MEI LING ST,01 TO 03,150,Apartment,1995,77 years 03 months,860000
BEDOK,3 ROOM,41,CHAI CHEE ST,10 TO 12,82,New Generation,1985,66 years 08 months,368000
PUNGGOL,4 ROOM,209B,PUNGGOL PL,04 TO 06,92,Model A,2014,94 years 09 months,449000
WOODLANDS,4 ROOM,790,WOODLANDS AVE 6,01 TO 03,101,Model A,1997,76 years 10 months,330000
WOODLANDS,5 ROOM,571B,WOODLANDS AVE 1,04 TO 06,112,Improved,2013,94 years 01 month,480000
BISHAN,4 ROOM,206,BISHAN ST 23,01 TO 03,108,Model A,1992,71 years 08 months,520000
TAMPINES,3 ROOM,408,TAMPINES ST 41,01 TO 03,60,Improved,1985,64 years 11 months,286500
PUNGGOL,4 ROOM,271A,PUNGGOL WALK,04 TO 06,93,Premium Apartment,2014,92 years 07 months,495000
BEDOK,3 ROOM,27,NEW UPP CHANGI RD,04 TO 06,65,Improved,1982,62 years 11 months,293000
KALLANG/WHAMPOA,3 ROOM,76,LOR LIMAU,13 TO 15,65,Improved,1973,54 years 03 months,308000
HOUGANG,4 ROOM,253,HOUGANG AVE 3,04 TO 06,93,New Generation,1984,64 years 11 months,355000
BUKIT PANJANG,4 ROOM,141,PETIR RD,01 TO 03,104,Model A,1988,66 years 08 months,375000
GEYLANG,3 ROOM,45,CIRCUIT RD,07 TO 09,52,Standard,1971,49 years 10 months,225000
PUNGGOL,4 ROOM,295,PUNGGOL CTRL,16 TO 18,90,Premium Apartment,2003,83 years 09 months,453000
TAMPINES,4 ROOM,267,TAMPINES ST 21,01 TO 03,104,Model A,1983,64 years 08 months,430000
BEDOK,3 ROOM,529,BEDOK NTH ST 3,07 TO 09,68,New Generation,1979,60 years 11 months,300000
SERANGOON,3 ROOM,152,SERANGOON NTH AVE 1,04 TO 06,64,Simplified,1986,66 years 09 months,255000
BUKIT PANJANG,5 ROOM,434,BT PANJANG RING RD,07 TO 09,122,Improved,1989,70 years,450000
BUKIT MERAH,4 ROOM,103B,DEPOT RD,13 TO 15,100,Model A,2002,82 years,580000
KALLANG/WHAMPOA,4 ROOM,19,JLN TENTERAM,07 TO 09,85,Model A,2004,84 years 02 months,518000
WOODLANDS,5 ROOM,606,WOODLANDS RING RD,01 TO 03,121,Improved,1998,78 years 01 month,360000
PASIR RIS,5 ROOM,255,PASIR RIS ST 21,04 TO 06,135,Model A,1993,71 years 10 months,538000
KALLANG/WHAMPOA,4 ROOM,30,JLN BAHAGIA,01 TO 03,84,Simplified,1987,68 years 09 months,335000
BUKIT BATOK,4 ROOM,118,BT BATOK WEST AVE 6,01 TO 03,107,Model A,1984,64 years 03 months,352000
CLEMENTI,4 ROOM,343,CLEMENTI AVE 5,07 TO 09,92,New Generation,1979,58 years 07 months,395000
JURONG EAST,4 ROOM,329,JURONG EAST AVE 1,04 TO 06,104,Model A,1983,62 years 08 months,345000
JURONG WEST,EXECUTIVE,671B,JURONG WEST ST 65,10 TO 12,126,Apartment,2002,82 years 04 months,500000
PASIR RIS,4 ROOM,756,PASIR RIS ST 71,07 TO 09,104,Model A,1996,78 years 07 months,388888
TAMPINES,5 ROOM,224,SIMEI ST 4,04 TO 06,124,Improved,1989,68 years 05 months,568000
CLEMENTI,3 ROOM,728,CLEMENTI WEST ST 2,10 TO 12,68,New Generation,1980,58 years 08 months,338000
HOUGANG,EXECUTIVE,851,HOUGANG CTRL,13 TO 15,177,Maisonette,1997,78 years 01 month,1000000
BUKIT PANJANG,4 ROOM,550A,SEGAR RD,07 TO 09,92,Model A,2015,94 years 05 months,410000
BUKIT MERAH,4 ROOM,127C,KIM TIAN RD,04 TO 06,93,Model A,2013,91 years 11 months,738000
SEMBAWANG,5 ROOM,503C,CANBERRA LINK,01 TO 03,110,Improved,2001,79 years 08 months,410000
JURONG WEST,4 ROOM,474,JURONG WEST ST 41,07 TO 09,102,Model A,1984,66 years,388000
YISHUN,4 ROOM,150,YISHUN ST 11,10 TO 12,93,New Generation,1985,66 years 07 months,416000
SENGKANG,4 ROOM,201C,COMPASSVALE DR,01 TO 03,90,Model A,2001,81 years 03 months,365000
HOUGANG,2 ROOM,986A,BUANGKOK CRES,10 TO 12,47,Model A,2012,94 years 04 months,252000
ANG MO KIO,4 ROOM,175,ANG MO KIO AVE 4,10 TO 12,91,New Generation,1981,61 years 02 months,382000
JURONG EAST,3 ROOM,318,JURONG EAST ST 31,01 TO 03,90,Model A,1984,62 years 10 months,318500
WOODLANDS,4 ROOM,730,WOODLANDS CIRCLE,10 TO 12,91,Model A2,1997,76 years 11 months,310000
WOODLANDS,5 ROOM,214,MARSILING LANE,10 TO 12,118,Improved,1981,61 years 11 months,440000
YISHUN,3 ROOM,363,YISHUN RING RD,01 TO 03,74,Model A,1988,67 years 04 months,272000
GEYLANG,EXECUTIVE,333,UBI AVE 1,07 TO 09,146,Maisonette,1986,65 years 10 months,695000
TAMPINES,EXECUTIVE,739,TAMPINES ST 72,01 TO 03,141,Apartment,1997,76 years 01 month,600000
SEMBAWANG,5 ROOM,484,ADMIRALTY LINK,10 TO 12,110,Improved,2003,83 years 03 months,362000
BEDOK,5 ROOM,19,BEDOK STH RD,22 TO 24,117,Standard,1976,57 years 04 months,707000
SENGKANG,5 ROOM,415B,FERNVALE LINK,10 TO 12,113,Improved,2016,94 years 06 months,580000
QUEENSTOWN,5 ROOM,26,DOVER CRES,01 TO 03,123,Standard,1978,56 years 11 months,650000
BISHAN,3 ROOM,151,BISHAN ST 11,04 TO 06,64,Simplified,1989,70 years 10 months,350000
GEYLANG,EXECUTIVE,846,SIMS AVE,10 TO 12,142,Apartment,1985,67 years 03 months,770000
BISHAN,5 ROOM,155,BISHAN ST 13,19 TO 21,121,Improved,1987,68 years 07 months,718000
BEDOK,5 ROOM,67,BEDOK STH AVE 3,04 TO 06,120,Standard,1977,56 years 08 months,490000
PUNGGOL,2 ROOM,210C,PUNGGOL PL,04 TO 06,46,Model A,2014,93 years 10 months,250000
CHOA CHU KANG,4 ROOM,237,CHOA CHU KANG CTRL,04 TO 06,104,Model A,1990,70 years 06 months,315000
JURONG WEST,4 ROOM,458,JURONG WEST ST 41,07 TO 09,91,New Generation,1984,63 years 01 month,352000
TOA PAYOH,3 ROOM,61,LOR 5 TOA PAYOH,07 TO 09,65,Improved,1967,48 years 05 months,210000
PUNGGOL,5 ROOM,204B,PUNGGOL FIELD,13 TO 15,110,Improved,2004,85 years 03 months,473000
ANG MO KIO,4 ROOM,105,ANG MO KIO AVE 4,04 TO 06,92,New Generation,1978,59 years 06 months,391500
PUNGGOL,5 ROOM,270B,PUNGGOL FIELD,16 TO 18,149,Premium Apartment Loft,2013,92 years 11 months,908888
CHOA CHU KANG,EXECUTIVE,755,CHOA CHU KANG NTH 5,04 TO 06,151,Apartment,1995,76 years 09 months,545000
WOODLANDS,3 ROOM,302A,WOODLANDS ST 31,31 TO 33,67,Model A,2016,94 years 06 months,405000
HOUGANG,4 ROOM,411,HOUGANG AVE 10,10 TO 12,91,New Generation,1986,64 years 03 months,380000
CENTRAL AREA,3 ROOM,30,KELANTAN RD,07 TO 09,65,Improved,1981,59 years 05 months,375000
BEDOK,4 ROOM,772,BEDOK RESERVOIR VIEW,16 TO 18,105,Premium Apartment,2000,82 years 01 month,535000
JURONG WEST,EXECUTIVE,335,KANG CHING RD,01 TO 03,140,Apartment,1997,75 years 02 months,625000
JURONG WEST,5 ROOM,529,JURONG WEST ST 52,10 TO 12,118,Improved,1982,61 years 08 months,475000
BUKIT PANJANG,5 ROOM,534,JELAPANG RD,10 TO 12,120,Improved,1999,80 years 09 months,550000
BEDOK,5 ROOM,61,NEW UPP CHANGI RD,13 TO 15,118,Standard,1977,56 years 03 months,550000
TAMPINES,3 ROOM,201D,TAMPINES ST 21,04 TO 06,68,New Generation,1987,68 years 06 months,300000
BUKIT PANJANG,4 ROOM,442C,FAJAR RD,04 TO 06,93,Model A,2016,94 years 09 months,428000
WOODLANDS,4 ROOM,897A,WOODLANDS DR 50,07 TO 09,97,Model A,1997,76 years 09 months,355000
BEDOK,3 ROOM,29,NEW UPP CHANGI RD,07 TO 09,76,Improved,1977,56 years 06 months,320000
CENTRAL AREA,3 ROOM,8,SELEGIE RD,04 TO 06,56,Standard,1974,53 years 06 months,380000
PUNGGOL,3 ROOM,670A,EDGEFIELD PLAINS,16 TO 18,68,Premium Apartment,2016,95 years 01 month,350000
HOUGANG,4 ROOM,470A,UPP SERANGOON CRES,04 TO 06,92,Model A,2015,93 years 07 months,435000
MARINE PARADE,3 ROOM,65,MARINE DR,10 TO 12,65,Improved,1976,57 years 04 months,410000
SENGKANG,5 ROOM,155,RIVERVALE CRES,16 TO 18,110,Improved,2005,85 years 08 months,425000
JURONG WEST,5 ROOM,686C,JURONG WEST CTRL 1,13 TO 15,111,Premium Apartment,2000,82 years 04 months,566000
HOUGANG,4 ROOM,334,HOUGANG AVE 5,07 TO 09,104,Model A,1983,63 years,425000
JURONG WEST,5 ROOM,201,BOON LAY DR,07 TO 09,122,Standard,1976,58 years 03 months,421000
WOODLANDS,EXECUTIVE,804,WOODLANDS ST 81,01 TO 03,146,Maisonette,1988,67 years 01 month,610000
JURONG EAST,5 ROOM,267,TOH GUAN RD,07 TO 09,121,Improved,1998,76 years 09 months,595000
TOA PAYOH,4 ROOM,179,TOA PAYOH CTRL,07 TO 09,84,Improved,1974,53 years 10 months,465000
BEDOK,4 ROOM,27,CHAI CHEE RD,01 TO 03,104,Model A,1993,72 years 08 months,485000
BISHAN,3 ROOM,195,BISHAN ST 13,04 TO 06,64,Simplified,1988,66 years 02 months,393000
BUKIT MERAH,3 ROOM,32,TELOK BLANGAH RISE,10 TO 12,59,Improved,1976,58 years 04 months,300000
WOODLANDS,5 ROOM,351,WOODLANDS AVE 1,04 TO 06,124,Improved,1996,74 years 07 months,490000
PUNGGOL,4 ROOM,632B,PUNGGOL DR,16 TO 18,91,Premium Apartment,2007,85 years 11 months,435000
PUNGGOL,4 ROOM,210A,PUNGGOL PL,01 TO 03,92,Model A,2014,95 years 02 months,430000
PUNGGOL,4 ROOM,175A,PUNGGOL FIELD,13 TO 15,90,Model A,2003,81 years 06 months,410000
WOODLANDS,4 ROOM,575,WOODLANDS DR 16,10 TO 12,86,Model A2,2000,80 years 10 months,308000
CLEMENTI,3 ROOM,346,CLEMENTI AVE 5,10 TO 12,67,New Generation,1979,59 years 06 months,298000
PUNGGOL,4 ROOM,217C,SUMANG WALK,07 TO 09,92,Model A,2017,95 years 03 months,470000
TAMPINES,4 ROOM,416,TAMPINES ST 41,04 TO 06,84,Simplified,1987,68 years 03 months,380000
BUKIT MERAH,3 ROOM,141,JLN BT MERAH,04 TO 06,67,New Generation,1979,58 years 02 months,250000
CLEMENTI,5 ROOM,605,CLEMENTI WEST ST 1,10 TO 12,119,Improved,1979,58 years 02 months,555000
YISHUN,3 ROOM,201,YISHUN ST 21,01 TO 03,67,New Generation,1985,66 years 11 months,275000
BEDOK,3 ROOM,69,BEDOK STH AVE 3,01 TO 03,67,New Generation,1978,58 years,230000
WOODLANDS,EXECUTIVE,648,WOODLANDS RING RD,07 TO 09,144,Maisonette,1998,78 years 10 months,550000
ANG MO KIO,3 ROOM,650,ANG MO KIO ST 61,13 TO 15,67,Model A,2015,94 years 09 months,450000
PUNGGOL,5 ROOM,112,EDGEFIELD PLAINS,10 TO 12,113,Premium Apartment,2003,84 years,405000
KALLANG/WHAMPOA,3 ROOM,97,GEYLANG BAHRU,07 TO 09,82,New Generation,1979,57 years 11 months,378500
CLEMENTI,3 ROOM,345,CLEMENTI AVE 5,01 TO 03,67,New Generation,1979,58 years 06 months,280000
BUKIT MERAH,4 ROOM,25B,JLN MEMBINA,22 TO 24,90,Model A,2009,87 years 01 month,750000
PASIR RIS,EXECUTIVE,128,PASIR RIS ST 11,04 TO 06,151,Maisonette,1988,67 years 03 months,585000
WOODLANDS,5 ROOM,687C,WOODLANDS DR 75,04 TO 06,115,Premium Apartment,2003,83 years 09 months,390000
YISHUN,4 ROOM,315C,YISHUN AVE 9,01 TO 03,92,Model A,2015,94 years 02 months,380000
KALLANG/WHAMPOA,5 ROOM,8,BOON KENG RD,04 TO 06,107,DBSS,2011,91 years 02 months,860000
BUKIT MERAH,4 ROOM,119B,KIM TIAN RD,19 TO 21,92,Model A,2002,83 years 11 months,700000
BEDOK,5 ROOM,763,BEDOK RESERVOIR VIEW,13 TO 15,115,Premium Apartment,2000,80 years 11 months,648000
BUKIT MERAH,3 ROOM,14,TAMAN HO SWEE,04 TO 06,54,Standard,1970,50 years 08 months,315000
TOA PAYOH,4 ROOM,145,LOR 2 TOA PAYOH,07 TO 09,91,Model A,2006,86 years 07 months,642000
KALLANG/WHAMPOA,4 ROOM,40,CAMBRIDGE RD,07 TO 09,101,Model A,1997,75 years 07 months,625000
TAMPINES,4 ROOM,711,TAMPINES ST 71,07 TO 09,99,Model A,1997,76 years 01 month,435000
QUEENSTOWN,3 ROOM,92,C'WEALTH DR,07 TO 09,60,Standard,1967,45 years 11 months,250000
PUNGGOL,3 ROOM,670A,EDGEFIELD PLAINS,07 TO 09,68,Premium Apartment,2016,94 years 07 months,375000
BUKIT TIMAH,4 ROOM,4,TOH YI DR,04 TO 06,104,Model A,1988,68 years 03 months,680000
HOUGANG,4 ROOM,970,HOUGANG ST 91,04 TO 06,100,Model A,1999,81 years 04 months,348000
SENGKANG,5 ROOM,452B,SENGKANG WEST WAY,22 TO 24,111,Improved,2015,93 years 02 months,600888
GEYLANG,3 ROOM,47,CIRCUIT RD,01 TO 03,55,Standard,1969,47 years 09 months,180000
JURONG WEST,3 ROOM,423,JURONG WEST AVE 1,07 TO 09,74,Model A,1984,63 years 05 months,275000
MARINE PARADE,3 ROOM,65,MARINE DR,07 TO 09,65,Improved,1976,57 years 11 months,412000
WOODLANDS,4 ROOM,604,WOODLANDS DR 42,04 TO 06,92,Model A2,1997,77 years 09 months,315000
SENGKANG,5 ROOM,158A,RIVERVALE CRES,07 TO 09,110,Premium Apartment,2003,82 years 01 month,400000
JURONG WEST,5 ROOM,652B,JURONG WEST ST 61,07 TO 09,110,Improved,2002,84 years,490000
YISHUN,EXECUTIVE,828,YISHUN ST 81,04 TO 06,142,Apartment,1988,67 years 05 months,570000
SENGKANG,4 ROOM,451B,SENGKANG WEST WAY,19 TO 21,92,Model A,2015,93 years 04 months,466000
WOODLANDS,4 ROOM,889A,WOODLANDS DR 50,16 TO 18,93,Model A,2017,95 years 04 months,494000
PASIR RIS,EXECUTIVE,137,PASIR RIS ST 11,01 TO 03,149,Apartment,1994,74 years 11 months,525000
CHOA CHU KANG,2 ROOM,166A,TECK WHYE CRES,07 TO 09,47,Model A,2015,93 years 06 months,218000
JURONG WEST,5 ROOM,402,JURONG WEST ST 42,04 TO 06,133,Model A,1984,64 years 08 months,390000
HOUGANG,4 ROOM,458,HOUGANG AVE 10,07 TO 09,104,Model A,1992,73 years,415000
SERANGOON,4 ROOM,510,SERANGOON NTH AVE 4,07 TO 09,101,Model A,1997,77 years 04 months,418000
GEYLANG,4 ROOM,341,UBI AVE 1,04 TO 06,104,Model A,1985,64 years 10 months,418888
BUKIT BATOK,4 ROOM,311,BT BATOK ST 32,01 TO 03,84,Simplified,1988,69 years 11 months,311888
BEDOK,3 ROOM,57,NEW UPP CHANGI RD,07 TO 09,60,Improved,1985,65 years 10 months,285000
TAMPINES,3 ROOM,817,TAMPINES ST 81,01 TO 03,73,Model A,1984,65 years,320000
TOA PAYOH,4 ROOM,227,LOR 8 TOA PAYOH,07 TO 09,82,Improved,1976,57 years 04 months,332000
JURONG EAST,4 ROOM,41,TEBAN GDNS RD,04 TO 06,99,New Generation,1981,60 years 09 months,323000
BISHAN,4 ROOM,112,BISHAN ST 12,04 TO 06,84,Simplified,1985,64 years 06 months,510000
YISHUN,5 ROOM,310,YISHUN RING RD,10 TO 12,135,Model A,1995,75 years 10 months,468000
KALLANG/WHAMPOA,3 ROOM,72,GEYLANG BAHRU,04 TO 06,59,Improved,1974,55 years 03 months,260000
ANG MO KIO,3 ROOM,633,ANG MO KIO AVE 6,07 TO 09,67,New Generation,1985,64 years 08 months,271000
KALLANG/WHAMPOA,3 ROOM,97,WHAMPOA DR,04 TO 06,65,Improved,1980,60 years 04 months,260000
QUEENSTOWN,3 ROOM,8,HOLLAND AVE,04 TO 06,59,Improved,1974,53 years 02 months,260000
QUEENSTOWN,3 ROOM,12,HOLLAND AVE,04 TO 06,65,Improved,1975,54 years 11 months,375000
JURONG WEST,5 ROOM,734,JURONG WEST ST 73,07 TO 09,124,Improved,1995,74 years 03 months,395000
YISHUN,5 ROOM,787,YISHUN RING RD,01 TO 03,121,Improved,1988,68 years 04 months,410000
YISHUN,3 ROOM,107,YISHUN RING RD,01 TO 03,67,New Generation,1982,60 years 06 months,265000
YISHUN,2 ROOM,459,YISHUN AVE 11,10 TO 12,48,Model A,2013,95 years 01 month,240000
SEMBAWANG,4 ROOM,488,ADMIRALTY LINK,13 TO 15,94,Model A,2010,91 years 04 months,348000
BEDOK,4 ROOM,655,JLN TENAGA,04 TO 06,108,Model A,1996,78 years,479000
JURONG WEST,4 ROOM,948,JURONG WEST ST 91,07 TO 09,105,Model A,1989,69 years 07 months,320000
YISHUN,3 ROOM,207,YISHUN ST 21,01 TO 03,73,New Generation,1985,63 years 05 months,305000
TOA PAYOH,3 ROOM,112,LOR 1 TOA PAYOH,04 TO 06,65,Improved,1967,49 years 01 month,290000
TAMPINES,3 ROOM,226,TAMPINES ST 23,04 TO 06,73,Model A,1985,65 years 10 months,380500
QUEENSTOWN,5 ROOM,133,CLARENCE LANE,04 TO 06,125,Improved,1996,76 years 03 months,838000
TAMPINES,3 ROOM,246,TAMPINES ST 21,10 TO 12,67,New Generation,1984,65 years 06 months,365000
SENGKANG,5 ROOM,184B,RIVERVALE CRES,07 TO 09,110,Improved,2003,83 years 07 months,385000
TOA PAYOH,4 ROOM,115,POTONG PASIR AVE 1,07 TO 09,93,New Generation,1984,63 years 06 months,420000
YISHUN,3 ROOM,266,YISHUN ST 22,01 TO 03,74,Model A,1987,68 years 08 months,260000
BEDOK,4 ROOM,658,JLN TENAGA,10 TO 12,106,Model A,1996,76 years 02 months,520000
BEDOK,5 ROOM,112,BEDOK NTH RD,01 TO 03,117,Standard,1978,59 years 11 months,425000
KALLANG/WHAMPOA,3 ROOM,12,UPP BOON KENG RD,07 TO 09,66,Improved,1980,60 years 07 months,372000
QUEENSTOWN,4 ROOM,18A,HOLLAND DR,04 TO 06,92,Model A,2012,93 years 03 months,760000
ANG MO KIO,4 ROOM,315A,ANG MO KIO ST 31,07 TO 09,90,Model A,2006,84 years 07 months,485000
BUKIT PANJANG,4 ROOM,461,SEGAR RD,13 TO 15,93,Premium Apartment,2015,94 years 07 months,445800
JURONG EAST,4 ROOM,288B,JURONG EAST ST 21,04 TO 06,103,Model A,2000,78 years 08 months,440000
BUKIT MERAH,3 ROOM,149,SILAT AVE,01 TO 03,67,New Generation,1982,63 years 02 months,320000
QUEENSTOWN,4 ROOM,88,DAWSON RD,31 TO 33,87,Premium Apartment,2016,95 years,840000
WOODLANDS,5 ROOM,690A,WOODLANDS DR 75,04 TO 06,110,Premium Apartment,2004,83 years,390000
JURONG WEST,5 ROOM,523,JURONG WEST ST 52,07 TO 09,118,Improved,1982,60 years 09 months,468000
BEDOK,4 ROOM,608,BEDOK RESERVOIR RD,04 TO 06,91,New Generation,1982,61 years 02 months,385000
PASIR RIS,EXECUTIVE,541,PASIR RIS ST 51,10 TO 12,143,Apartment,1992,72 years 07 months,715000
WOODLANDS,EXECUTIVE,302,WOODLANDS ST 31,04 TO 06,163,Apartment,1993,72 years 07 months,597000
BUKIT BATOK,5 ROOM,110,BT BATOK WEST AVE 6,10 TO 12,132,Model A,1985,66 years 11 months,570000
SEMBAWANG,4 ROOM,485,ADMIRALTY LINK,04 TO 06,85,Model A2,2003,84 years 10 months,308000
WOODLANDS,4 ROOM,767,WOODLANDS CIRCLE,04 TO 06,90,Model A,2003,85 years 01 month,340000
PUNGGOL,4 ROOM,261C,PUNGGOL WAY,13 TO 15,93,Model A,2016,94 years 09 months,480000
SEMBAWANG,EXECUTIVE,467A,ADMIRALTY DR,10 TO 12,137,Premium Apartment,2001,82 years 10 months,428000
JURONG WEST,5 ROOM,273C,JURONG WEST AVE 3,04 TO 06,111,Improved,2001,80 years 04 months,350000
JURONG WEST,4 ROOM,661D,JURONG WEST ST 64,13 TO 15,91,Model A,2001,82 years 02 months,448000
TAMPINES,4 ROOM,273,TAMPINES ST 22,07 TO 09,105,Model A,1984,65 years 09 months,435000
YISHUN,MULTI-GENERATION,605,YISHUN ST 61,07 TO 09,159,Multi Generation,1988,67 years 08 months,718000
JURONG WEST,5 ROOM,610,JURONG WEST ST 65,04 TO 06,115,Premium Apartment,2001,81 years,465000
CHOA CHU KANG,5 ROOM,620,CHOA CHU KANG ST 62,10 TO 12,132,Model A,1996,74 years 06 months,525000
BUKIT PANJANG,5 ROOM,621,SENJA RD,10 TO 12,110,Improved,2001,80 years,470000
SERANGOON,5 ROOM,216,SERANGOON AVE 4,07 TO 09,121,Improved,1985,66 years 03 months,673000
PUNGGOL,4 ROOM,632A,PUNGGOL DR,04 TO 06,92,Premium Apartment,2007,87 years 06 months,385000
HOUGANG,5 ROOM,836,HOUGANG CTRL,10 TO 12,117,Improved,1997,78 years,675000
WOODLANDS,4 ROOM,655,WOODLANDS RING RD,07 TO 09,100,Model A,1998,79 years 07 months,355000
JURONG WEST,5 ROOM,688,JURONG WEST CTRL 1,07 TO 09,120,Premium Apartment,1998,77 years 05 months,500000
SENGKANG,4 ROOM,415A,FERNVALE LINK,13 TO 15,93,Model A,2016,94 years 11 months,438888
WOODLANDS,EXECUTIVE,589,WOODLANDS DR 16,04 TO 06,131,Apartment,2001,82 years 11 months,502000
SENGKANG,EXECUTIVE,312A,ANCHORVALE LANE,04 TO 06,128,Premium Apartment,2002,81 years 03 months,478000
